System,Status,HD,Active,REG,Time
Aizawa,SUCCESS,0.26444731188512005,3,0.1,156.32
AnishchenkoAstakhov,SUCCESS,0.02405480951477603,3,0.1,137.01
Arneodo,SUCCESS,2.2039202416493073,2,0.3,137.2
ArnoldBeltramiChildress,SUCCESS,1.876841525854742,13,0.3,136.3
ArnoldWeb,POOR,24.06561996691674,21,0.1,163.48
AtmosphericRegime,POOR,15.561666623852942,18,0.3,154.34
BeerRNN,SUCCESS,0.016848729288917872,13,0.1,132.5
BelousovZhabotinsky,SUCCESS,1.762486493194411,1,0.3,190.07
BickleyJet,SUCCESS,3.281330566446229,4,0.1,139.68
Blasius,SUCCESS,0.012269964336559634,2,0.1,137.97
BlinkingRotlet,SUCCESS,2.81200698960344,5,0.1,133.68
BlinkingVortex,POOR,8.284984268832707,9,0.1,142.43
Bouali,SUCCESS,0.05926195845233947,3,0.3,141.12
Bouali2,SUCCESS,0.020473241245551388,1,0.1,142.51
BurkeShaw,SUCCESS,0.02287442321094109,2,0.1,141.01
CaTwoPlus,SUCCESS,0.008122302708808446,5,0.1,137.56
CaTwoPlusQuasiperiodic,SUCCESS,1.86772285901643,3,0.1,142.75
CellCycle,SUCCESS,0.5882090449415476,3,0.3,162.32
CellularNeuralNetwork,SUCCESS,0.011220083190460224,1,0.3,190.08
Chen,POOR,7.956683725276965,21,0.1,197.43
ChenLee,SUCCESS,0.05488916887611064,2,0.3,145.33
Chua,SUCCESS,0.14218207602898225,4,0.1,150.63
CircadianRhythm,EXPLODED,58.80055508853619,4,0.1,139.77
CoevolvingPredatorPrey,SUCCESS,0.3121309078787619,1,0.3,213.95
Colpitts,SUCCESS,0.622542999752804,5,0.1,133.3
Coullet,SUCCESS,0.5976768396045155,3,0.3,129.57
Dadras,SUCCESS,0.03603869049839302,3,0.1,130.31
DequanLi,SUCCESS,0.057982928786599705,2,0.1,146.11
DoubleGyre,POOR,19.65759939010213,20,0.1,130.14
DoublePendulum,POOR,32.89356837285177,21,0.3,227.37
Duffing,SUCCESS,0.1472988080183243,21,0.1,146.65
DynSysDelay,FAILED,999.0,0,0.0,0.0
ExcitableCell,SUCCESS,0.10468332303420144,6,0.3,165.46
Finance,SUCCESS,0.2964355033503152,3,0.1,143.5
FluidTrampoline,SUCCESS,0.5426344466766753,21,0.1,140.7
ForcedBrusselator,SUCCESS,0.6348089768071185,2,0.1,125.71
ForcedFitzHughNagumo,SUCCESS,0.1928794203295877,20,0.1,132.13
ForcedVanDerPol,SUCCESS,1.6737373016837145,12,0.3,129.33
GenesioTesi,SUCCESS,3.4074161748092084,5,0.3,131.24
GlycolyticOscillation,SUCCESS,0.2548871701067594,2,0.3,128.42
GuckenheimerHolmes,SUCCESS,0.09376940838749795,2,0.1,125.98
Hadley,SUCCESS,0.14138720981275624,2,0.1,130.89
Halvorsen,SUCCESS,0.027060290221214398,2,0.1,127.56
HastingsPowell,SUCCESS,0.04338951224005273,2,0.1,134.52
HenonHeiles,SUCCESS,0.09540463725473249,2,0.1,177.26
HindmarshRose,SUCCESS,0.028255238319086058,1,0.3,131.31
Hopfield,POOR,23.05470218959548,4,0.1,145.52
HyperBao,SUCCESS,0.0598565526357766,2,0.1,125.45
HyperCai,SUCCESS,4.9905561160749405,3,0.1,128.91
HyperJha,SUCCESS,0.4760164733668666,4,0.1,147.42
HyperLorenz,SUCCESS,2.929623583404671,2,0.1,125.94
HyperLu,SUCCESS,0.873274724507341,3,0.1,128.39
HyperPang,POOR,27.152392544792736,19,0.1,130.99
HyperQi,SUCCESS,0.3029233337545074,2,0.3,127.57
HyperRossler,POOR,21.383693326674234,2,0.3,124.9
HyperWang,SUCCESS,1.208949682858643,2,0.3,681.42
HyperXu,POOR,11.570434266371235,2,0.1,152.91
HyperYan,POOR,21.291182515567197,3,0.1,127.71
HyperYangChen,POOR,10.091922208389052,1,0.3,200.05
IkedaDelay,EXPLODED,64.42006886989472,20,0.1,206.64
InteriorSquirmer,POOR,16.34140372276822,21,0.1,169.21
IsothermalChemical,SUCCESS,0.029761382604776388,1,0.3,124.36
ItikBanksTumor,POOR,13.271715192481293,7,0.3,126.65
JerkCircuit,POOR,27.63856810703462,21,0.1,130.08
KawczynskiStrizhak,SUCCESS,0.3555966203146209,1,0.3,123.62
Laser,SUCCESS,0.049133538199824967,3,0.1,177.47
LidDrivenCavityFlow,POOR,37.93667671837055,21,0.3,187.67
LiuChen,POOR,19.016150194533115,1,0.3,138.74
Lorenz,SUCCESS,0.023060047282141446,3,0.3,125.17
Lorenz84,SUCCESS,0.023028195299308142,1,0.1,127.13
Lorenz96,POOR,11.068996409476565,4,0.1,142.99
LorenzBounded,SUCCESS,0.012393287769263161,3,0.1,127.51
LorenzCoupled,SUCCESS,0.3579764516559131,4,0.1,150.0
LorenzStenflo,SUCCESS,0.041606608667110884,12,0.1,178.05
LuChen,SUCCESS,0.03652166126460671,1,0.3,130.09
LuChenCheng,POOR,5.435925108270758,18,0.3,132.99
MacArthur,POOR,5.306999096740078,1,0.1,131.56
MackeyGlass,SUCCESS,0.0613764443531892,1,0.3,161.53
MooreSpiegel,SUCCESS,0.06815335207039477,1,0.3,223.69
MultiChua,SUCCESS,0.08634325667593758,2,0.1,137.61
NewtonLiepnik,SUCCESS,0.04422930791234081,3,0.1,143.42
NoseHoover,SUCCESS,0.19804651306250284,1,0.1,155.7
NuclearQuadrupole,POOR,16.614699165000705,21,0.3,167.36
OscillatingFlow,POOR,34.95735379384218,19,0.1,171.9
PanXuZhou,SUCCESS,0.005658311410569508,3,0.1,144.81
PehlivanWei,SUCCESS,0.04473658019076862,2,0.1,138.91
PiecewiseCircuit,EXPLODED,115.9904826765268,1,0.3,160.88
Qi,SUCCESS,0.07117754009392034,4,0.1,211.89
QiChen,SUCCESS,0.02186519104071034,3,0.1,134.78
RabinovichFabrikant,SUCCESS,1.0415304358342983,1,0.1,133.54
RayleighBenard,SUCCESS,0.013890898088375096,4,0.1,134.12
RikitakeDynamo,SUCCESS,0.0643404968675566,1,0.3,177.75
Rossler,SUCCESS,0.02924180047348273,3,0.3,136.98
Rucklidge,SUCCESS,0.018039118761421467,2,0.1,134.53
Sakarya,SUCCESS,0.026633765937008155,2,0.1,138.4
SaltonSea,SUCCESS,4.350400936359298,1,0.3,230.32
SanUmSrisuchinwong,SUCCESS,0.2630220824982264,5,0.1,135.23
ScrollDelay,EXPLODED,195.72730493260582,5,0.3,134.9
ShimizuMorioka,SUCCESS,0.019614800628727228,2,0.1,137.03
SprottA,SUCCESS,0.05990556242628897,2,0.1,218.46
SprottB,SUCCESS,0.044646838505787614,2,0.3,138.48
SprottC,SUCCESS,0.13646613259679868,2,0.1,137.48
SprottD,SUCCESS,1.04098304147981,2,0.3,136.17
SprottDelay,EXPLODED,102.211272126072,2,0.3,142.42
SprottE,SUCCESS,2.190063150519154,3,0.1,138.36
SprottF,SUCCESS,1.6392537402512535,3,0.1,144.53
SprottG,SUCCESS,0.03761889525338305,3,0.1,150.13
SprottH,POOR,6.155172618444143,3,0.1,132.37
SprottI,SUCCESS,0.059294471492579895,2,0.1,130.72
SprottJ,SUCCESS,0.014678608974083676,2,0.3,192.06
SprottJerk,SUCCESS,0.6597459601678979,2,0.3,152.45
SprottK,SUCCESS,4.577681092819588,1,0.1,132.71
SprottL,POOR,6.97682833050745,8,0.1,133.07
SprottM,SUCCESS,0.13340296994500586,3,0.1,133.44
SprottMore,SUCCESS,2.1315518423846584,13,0.1,197.59
SprottN,POOR,6.2459055240246775,1,0.1,126.37
SprottO,SUCCESS,0.6146160596598989,1,0.3,128.66
SprottP,SUCCESS,0.5435762302800071,2,0.1,128.94
SprottQ,SUCCESS,0.025351217820244343,8,0.1,129.95
SprottR,SUCCESS,0.039667896211737615,2,0.1,128.14
SprottS,SUCCESS,0.017332221000125186,2,0.1,127.85
SprottTorus,SUCCESS,0.33306640074317184,4,0.3,130.58
StickSlipOscillator,SUCCESS,0.14176152305144127,2,0.1,131.79
SwingingAtwood,POOR,6.685969103218332,21,0.1,163.86
Thomas,POOR,10.663885726271507,16,0.1,132.86
ThomasLabyrinth,POOR,17.26094778254913,21,0.1,136.66
Torus,POOR,20.349172054270365,20,0.1,127.19
Tsucs2,SUCCESS,0.02618968132110347,1,0.3,186.24
TurchinHanski,POOR,13.059769084404788,21,0.1,152.88
VallisElNino,SUCCESS,0.027636265145016756,12,0.1,133.86
VossDelay,SUCCESS,0.8855045252223988,1,0.3,181.38
WangSun,SUCCESS,0.058726155379436776,3,0.3,210.18
WindmiReduced,POOR,16.49984073844191,2,0.1,130.49
YuWang,POOR,30.036595334293928,21,0.1,151.22
YuWang2,SUCCESS,0.13191057743608658,3,0.3,178.25
ZhouChen,SUCCESS,4.978313247057389,2,0.3,141.55
